{
    "Provide multiple different approaches to the question.": {
        "plus": 18.66640625,
        "minus": 20.66875,
        "original": 23.0953125
    },
    "Use bold text to emphasize important points.": {
        "plus": 20.66875,
        "minus": 23.459375,
        "original": 23.0953125
    },
    "Write a response that is longer than usual.": {
        "plus": 23.459375,
        "minus": 22.6125,
        "original": 23.0953125
    },
    "Use emojis in the response.": {
        "plus": 22.6125,
        "minus": 21.1796875,
        "original": 23.0953125
    },
    "Use bulleted or numbered lists.": {
        "plus": 21.1796875,
        "minus": 21.97265625,
        "original": 23.0953125
    },
    "Start with an affirmative sentence that responds to the user's request.": {
        "plus": 21.97265625,
        "minus": 19.69296875,
        "original": 23.0953125
    }
}