{
    "Provide multiple different approaches to the question.": {
        "plus": 17.79654296875,
        "minus": 16.4901171875,
        "original": 16.9713818359375
    },
    "Use bold text to emphasize important points.": {
        "plus": 16.4901171875,
        "minus": 17.3500927734375,
        "original": 16.9713818359375
    },
    "Write a response that is longer than usual.": {
        "plus": 17.3500927734375,
        "minus": 16.6198046875,
        "original": 16.9713818359375
    },
    "Use emojis in the response.": {
        "plus": 16.6198046875,
        "minus": 17.611531982421877,
        "original": 16.9713818359375
    },
    "Use bulleted or numbered lists.": {
        "plus": 17.611531982421877,
        "minus": 17.8887109375,
        "original": 16.9713818359375
    },
    "Start with an affirmative sentence that responds to the user's request.": {
        "plus": 17.8887109375,
        "minus": 14.68975830078125,
        "original": 16.9713818359375
    },
    "Adopt a friendly and engaging tone.": {
        "plus": 14.68975830078125,
        "minus": 16.9435693359375,
        "original": 16.9713818359375
    }
}